{
  "n_pairs": 2231,
  "n_missing": 0,
  "feature_correlations": {
    "dice": {
      "r": 0.22896446240253346,
      "p": 6.318432213168197e-28
    },
    "rouge3": {
      "r": 0.14565829938560268,
      "p": 4.745498179131125e-12
    },
    "rouge": {
      "r": 0.19526860515680358,
      "p": 1.3053180681426564e-20
    },
    "jaccard": {
      "r": 0.19424962153222883,
      "p": 2.0779080834376885e-20
    },
    "mixedbread-ai/mxbai-embed-large-v1": {
      "r": 0.3945636292603443,
      "p": 5.278915386836502e-84
    },
    "PREC_mixedbread-ai/mxbai-embed-large-v1": {
      "r": 0.41368572476320353,
      "p": 5.753225212348166e-93
    },
    "REC_mixedbread-ai/mxbai-embed-large-v1": {
      "r": 0.4039129083061525,
      "p": 2.593295085597532e-88
    },
    "PREC_Qwen/Qwen3-Embedding-0.6B": {
      "r": 0.390789554215442,
      "p": 2.6477360083386195e-82
    },
    "entailment": {
      "r": 0.5648129235985773,
      "p": 3.2231430428440654e-188
    },
    "neutral": {
      "r": -0.1389377711508611,
      "p": 4.3739458889117854e-11
    },
    "contradiction": {
      "r": -0.5238390063410409,
      "p": 1.7797727969067106e-157
    },
    "entity_percentage": {
      "r": 0.10553362022221704,
      "p": 5.856779521673133e-07
    },
    "entity_value_prec": {
      "r": 0.15514854000180717,
      "p": 1.7222708825187108e-13
    },
    "entity_value_rec": {
      "r": 0.1765649982099203,
      "p": 4.4198583544685254e-17
    },
    "lcs_token": {
      "r": 0.21449199943086708,
      "p": 1.2464729797069837e-24
    },
    "lcs_char": {
      "r": 0.20182376870883864,
      "p": 6.166749337648583e-22
    },
    "numeric_jaccard": {
      "r": 0.13543204381901328,
      "p": 1.3365684548836755e-10
    },
    "entity_location_value_prec": {
      "r": 0.044606829428658165,
      "p": 0.035134669483890726
    },
    "entity_location_value_rec": {
      "r": 0.052717902087345704,
      "p": 0.01276046632160451
    },
    "entity_time_value_prec": {
      "r": -0.0019507903067098324,
      "p": 0.9266257157915874
    },
    "entity_time_value_rec": {
      "r": -0.0011508116455463035,
      "p": 0.9566751374224596
    },
    "entity_percentage_value_prec": {
      "r": 0.106822099856175,
      "p": 4.253994975742017e-07
    },
    "entity_percentage_value_rec": {
      "r": 0.12021547017021798,
      "p": 1.2288331212952497e-08
    }
  },
  "pca_explained_variance": [
    0.3812811076641083,
    0.11415422707796097,
    0.09403403103351593,
    0.07675740867853165,
    0.06729673594236374,
    0.059037499129772186,
    0.041412871330976486,
    0.03748730570077896,
    0.030535127967596054,
    0.024530349299311638
  ],
  "kmeans_ari": 0.07706523926637096,
  "kmeans_top_discriminative": {
    "dice": 1.6104061603546143,
    "jaccard": 1.5874578952789307,
    "rouge": 1.5372369289398193,
    "lcs_token": 1.5359127521514893,
    "lcs_char": 1.4712154865264893,
    "rouge3": 1.3918066024780273,
    "mixedbread-ai/mxbai-embed-large-v1": 1.368951439857483,
    "PREC_mixedbread-ai/mxbai-embed-large-v1": 1.2910733222961426,
    "REC_mixedbread-ai/mxbai-embed-large-v1": 1.2877181768417358,
    "PREC_Qwen/Qwen3-Embedding-0.6B": 1.2538251876831055
  }
}