{
  "n_pairs": 6293,
  "n_missing": 0,
  "feature_correlations": {
    "jaccard": {
      "r": 0.1309262422197161,
      "p": 1.8274606394673868e-25
    },
    "dice": {
      "r": 0.14600747657264004,
      "p": 2.5002016001605683e-31
    },
    "cosine": {
      "r": 0.13877348231092182,
      "p": 1.9599369746351405e-28
    },
    "rouge": {
      "r": 0.13038747740313256,
      "p": 2.8792015269329403e-25
    },
    "rouge3": {
      "r": 0.11750749352058369,
      "p": 8.580368792462687e-21
    },
    "mixedbread-ai/mxbai-embed-large-v1": {
      "r": 0.27294904783543095,
      "p": 6.322973277684404e-108
    },
    "Qwen/Qwen3-Embedding-0.6B": {
      "r": 0.23555754226552242,
      "p": 4.419358226055681e-80
    },
    "PREC_mixedbread-ai/mxbai-embed-large-v1": {
      "r": 0.2927616401516958,
      "p": 1.3362013138461978e-124
    },
    "REC_mixedbread-ai/mxbai-embed-large-v1": {
      "r": 0.2813350121708456,
      "p": 8.12096058229282e-115
    },
    "PREC_Qwen/Qwen3-Embedding-0.6B": {
      "r": 0.2536514337478712,
      "p": 5.630978119829714e-93
    },
    "REC_Qwen/Qwen3-Embedding-0.6B": {
      "r": 0.24402330883958961,
      "p": 5.5633881782535284e-86
    },
    "entailment": {
      "r": 0.4903856042657443,
      "p": 0.0
    },
    "neutral": {
      "r": -0.09586289664160892,
      "p": 2.5230783355274355e-14
    },
    "contradiction": {
      "r": -0.4826071348482649,
      "p": 0.0
    },
    "entity_location": {
      "r": 0.026273733404307793,
      "p": 0.03714199915808626
    },
    "entity_product": {
      "r": 0.04189829880542399,
      "p": 0.0008856902452139403
    },
    "entity_law": {
      "r": 0.03400951864121979,
      "p": 0.006972260200707518
    },
    "entity_time": {
      "r": 0.029595607300842635,
      "p": 0.018883595788104036
    },
    "entity_duration": {
      "r": 0.024982015928837045,
      "p": 0.04751286042483442
    },
    "entity_percentage": {
      "r": 0.06582860468952896,
      "p": 1.725507841717283e-07
    },
    "lcs_token": {
      "r": 0.128146490011056,
      "p": 1.868870244832754e-24
    },
    "lcs_char": {
      "r": 0.09183376576469517,
      "p": 2.898958856463736e-13
    }
  },
  "pca_explained_variance": [
    0.4932430386543274,
    0.08110775798559189,
    0.06083478406071663,
    0.052100904285907745,
    0.049074750393629074,
    0.046173542737960815,
    0.04443468153476715,
    0.043379589915275574,
    0.04102757200598717,
    0.03801538050174713
  ],
  "kmeans_ari": 0.0601262873996574,
  "kmeans_top_discriminative": {
    "dice": 1.631901741027832,
    "rouge": 1.5618493556976318,
    "jaccard": 1.5541117191314697,
    "lcs_token": 1.5287654399871826,
    "Qwen/Qwen3-Embedding-0.6B": 1.5148048400878906,
    "lcs_char": 1.5049041509628296,
    "cosine": 1.4984087944030762,
    "mixedbread-ai/mxbai-embed-large-v1": 1.475691556930542,
    "REC_Qwen/Qwen3-Embedding-0.6B": 1.4669995307922363,
    "PREC_Qwen/Qwen3-Embedding-0.6B": 1.4626290798187256
  }
}