{
  "n_pairs": 6393,
  "n_missing": 0,
  "feature_correlations": {
    "dice": {
      "r": 0.10159031678209458,
      "p": 3.87956429819075e-16
    },
    "rouge3": {
      "r": 0.08855502579505885,
      "p": 1.3115933714567357e-12
    },
    "rouge": {
      "r": 0.0859509205708288,
      "p": 5.831371275938449e-12
    },
    "jaccard": {
      "r": 0.09186910429142485,
      "p": 1.844083611677605e-13
    },
    "mixedbread-ai/mxbai-embed-large-v1": {
      "r": 0.18930673984105872,
      "p": 1.1827767024404074e-52
    },
    "PREC_mixedbread-ai/mxbai-embed-large-v1": {
      "r": 0.20008599630951387,
      "p": 9.869489622965473e-59
    },
    "REC_mixedbread-ai/mxbai-embed-large-v1": {
      "r": 0.18985368830807836,
      "p": 5.931027122170478e-53
    },
    "PREC_Qwen/Qwen3-Embedding-0.6B": {
      "r": 0.1783632803522657,
      "p": 7.549263649795992e-47
    },
    "entailment": {
      "r": 0.47985484490064934,
      "p": 0.0
    },
    "neutral": {
      "r": -0.09641236864127961,
      "p": 1.1162150660948805e-14
    },
    "contradiction": {
      "r": -0.46434067863068135,
      "p": 0.0
    },
    "entity_location": {
      "r": -0.007183405732707975,
      "p": 0.5657964772692016
    },
    "entity_product": {
      "r": 0.050179615680365316,
      "p": 5.9719255982358996e-05
    },
    "entity_law": {
      "r": 0.010764912726486197,
      "p": 0.3894702049522101
    },
    "entity_time": {
      "r": 0.0027045541355022367,
      "p": 0.828828670259269
    },
    "entity_duration": {
      "r": 0.0194836277009303,
      "p": 0.11930893525132112
    },
    "entity_percentage": {
      "r": 0.06600870218146578,
      "p": 1.2740704785055571e-07
    },
    "lcs_token": {
      "r": 0.09718380145684509,
      "p": 6.8418282094178196e-15
    },
    "lcs_char": {
      "r": 0.05883396304310275,
      "p": 2.5101915639404574e-06
    }
  },
  "pca_explained_variance": [
    0.4465765357017517,
    0.09017568081617355,
    0.0703638345003128,
    0.05927199870347977,
    0.053768448531627655,
    0.052051786333322525,
    0.05106136202812195,
    0.04984021931886673,
    0.04457542300224304,
    0.04247443377971649
  ],
  "kmeans_ari": 0.031377110381919725,
  "kmeans_top_discriminative": {
    "dice": 1.723573923110962,
    "lcs_token": 1.6880261898040771,
    "jaccard": 1.6837977170944214,
    "rouge": 1.6735196113586426,
    "lcs_char": 1.6212671995162964,
    "rouge3": 1.4634904861450195,
    "mixedbread-ai/mxbai-embed-large-v1": 1.4499982595443726,
    "PREC_Qwen/Qwen3-Embedding-0.6B": 1.400280475616455,
    "PREC_mixedbread-ai/mxbai-embed-large-v1": 1.3957786560058594,
    "REC_mixedbread-ai/mxbai-embed-large-v1": 1.386112928390503
  }
}